{
  "NGC188": {
    "name": "NGC 188",
    "path": "static-data/NGC_188_data.json",
    "image": {
      "domain": {
        "x": [16.160474211844242, 9.616988842401822],
        "y": [84.99507547492594, 85.53437634262413]
      },
      "width": 1200,
      "height": 1185
    },
    "starSelector": {
      "domain": {
        "x": [15000, 3000],
        "y": [0.001, 10000]
      }
    },
    "hrd": {
      "domain": {
        "x": [14000, 3000],
        "y": [0.01, 10000]
      }
    }
  },
  "NGC2516": {
    "name": "NGC 2516",
    "path": "static-data/NGC_2516_data.json",
    "image": {
      "domain": {
        "x": [119.84108513597445, 119.14104285559857],
        "y": [-60.95733447549355, -60.6161633647826]
      },
      "width": 1200,
      "height": 1200
    },
    "starSelector": {
      "domain": {
        "x": [15000, 3000],
        "y": [0.001, 10000]
      }
    },
    "hrd": {
      "domain": {
        "x": [10000, 3000],
        "y": [0.01, 10000]
      }
    }
  },
  "NGC2168": {
    "name": "NGC 2168",
    "path": "static-data/NGC_2168_data.json",
    "image": {
      "domain": {
        "x": [92.65523303612241, 91.7350869784027],
        "y": [23.974853989692477, 24.809571724642513]
      },
      "width": 1200,
      "height": 1200
    },
    "starSelector": {
      "domain": {
        "x": [15000, 3000],
        "y": [0.001, 10000]
      }
    },
    "hrd": {
      "domain": {
        "x": [10000, 3000],
        "y": [0.01, 10000]
      }
    }
  },
  "NGC2632": {
    "name": "NGC 2632",
    "path": "static-data/NGC_2632_data.json",
    "image": {
      "domain": {
        "x": [129.74974974273505, 130.6411043049401],
        "y": [19.185074002381555, 20.024503433399907]
      },
      "width": 1200,
      "height": 1197
    },
    "starSelector": {
      "domain": {
        "x": [15000, 3000],
        "y": [0.001, 10000]
      }
    },
    "hrd": {
      "domain": {
        "x": [14000, 3000],
        "y": [0.01, 10000]
      }
    }
  },
  "NGC2682": {
    "name": "NGC 2682",
    "path": "static-data/NGC_2682_data.json",
    "image": {
      "domain": {
        "x": [133.09135127124776, 132.64753971906458],
        "y": [11.584441233666267, 12.018820830735033]
      },
      "width": 1200,
      "height": 1201
    },
    "starSelector": {
      "domain": {
        "x": [11500, 3000],
        "y": [0.001, 10000]
      }
    },
    "hrd": {
      "domain": {
        "x": [9500, 3500],
        "y": [0.01, 1000]
      }
    }
  }
}
